<?xml version="1.0"?>
<doc>
    <assembly>
        <name>Jellyfin.Plugin.Ratings</name>
    </assembly>
    <members>
        <member name="T:Jellyfin.Plugin.Ratings.Api.RatingsController">
            <summary>
            Ratings API controller.
            </summary>
        </member>
        <member name="M:Jellyfin.Plugin.Ratings.Api.RatingsController.#ctor(Jellyfin.Plugin.Ratings.Data.RatingsRepository,MediaBrowser.Controller.Library.IUserManager,MediaBrowser.Controller.Library.ILibraryManager,MediaBrowser.Controller.Session.ISessionManager,Microsoft.Extensions.Logging.ILogger{Jellyfin.Plugin.Ratings.Api.RatingsController})">
            <summary>
            Initializes a new instance of the <see cref="T:Jellyfin.Plugin.Ratings.Api.RatingsController"/> class.
            </summary>
            <param name="repository">Ratings repository.</param>
            <param name="userManager">User manager.</param>
            <param name="libraryManager">Library manager.</param>
            <param name="sessionManager">Session manager.</param>
            <param name="logger">Logger instance.</param>
        </member>
        <member name="M:Jellyfin.Plugin.Ratings.Api.RatingsController.SetRating(System.Guid,System.Int32)">
            <summary>
            Sets a rating for an item.
            </summary>
            <param name="itemId">Item ID.</param>
            <param name="rating">Rating value (1-10).</param>
            <returns>The created or updated rating.</returns>
        </member>
        <member name="M:Jellyfin.Plugin.Ratings.Api.RatingsController.GetRatingStats(System.Guid)">
            <summary>
            Gets rating statistics for an item.
            </summary>
            <param name="itemId">Item ID.</param>
            <returns>Rating statistics.</returns>
        </member>
        <member name="M:Jellyfin.Plugin.Ratings.Api.RatingsController.GetUserRating(System.Guid)">
            <summary>
            Gets the current user's rating for an item.
            </summary>
            <param name="itemId">Item ID.</param>
            <returns>The user's rating or null if not found.</returns>
        </member>
        <member name="M:Jellyfin.Plugin.Ratings.Api.RatingsController.DeleteRating(System.Guid)">
            <summary>
            Deletes the current user's rating for an item.
            </summary>
            <param name="itemId">Item ID.</param>
            <returns>Success status.</returns>
        </member>
        <member name="M:Jellyfin.Plugin.Ratings.Api.RatingsController.GetDetailedRatings(System.Guid)">
            <summary>
            Gets all ratings for an item with usernames.
            </summary>
            <param name="itemId">Item ID.</param>
            <returns>List of detailed ratings with usernames.</returns>
        </member>
        <member name="M:Jellyfin.Plugin.Ratings.Api.RatingsController.GetTest">
            <summary>
            Test endpoint to verify plugin is loaded.
            </summary>
            <returns>Test message.</returns>
        </member>
        <member name="M:Jellyfin.Plugin.Ratings.Api.RatingsController.GetConfig">
            <summary>
            Gets plugin configuration for client-side use.
            </summary>
            <returns>Plugin configuration settings.</returns>
        </member>
        <member name="M:Jellyfin.Plugin.Ratings.Api.RatingsController.GetRatingsScript">
            <summary>
            Serves the ratings.js file.
            </summary>
            <returns>The JavaScript file content.</returns>
        </member>
        <member name="M:Jellyfin.Plugin.Ratings.Api.RatingsController.CreateMediaRequest(Jellyfin.Plugin.Ratings.Models.MediaRequestDto)">
            <summary>
            Creates a new media request.
            </summary>
            <param name="request">The media request data.</param>
            <returns>The created request.</returns>
        </member>
        <member name="M:Jellyfin.Plugin.Ratings.Api.RatingsController.GetMediaRequests">
            <summary>
            Gets all media requests (admin only).
            </summary>
            <returns>List of all media requests.</returns>
        </member>
        <member name="M:Jellyfin.Plugin.Ratings.Api.RatingsController.UpdateRequestStatus(System.Guid,System.String,System.String)">
            <summary>
            Updates the status of a media request (admin only).
            </summary>
            <param name="requestId">The request ID.</param>
            <param name="status">The new status (pending, processing, done).</param>
            <param name="mediaLink">Optional media link when marking as done.</param>
            <returns>The updated request.</returns>
        </member>
        <member name="M:Jellyfin.Plugin.Ratings.Api.RatingsController.DeleteRequest(System.Guid)">
            <summary>
            Deletes a media request (admin only).
            </summary>
            <param name="requestId">The request ID to delete.</param>
            <returns>Success or failure.</returns>
        </member>
        <member name="T:Jellyfin.Plugin.Ratings.Api.ClaimsPrincipalExtensions">
            <summary>
            Extension methods for user claims.
            </summary>
        </member>
        <member name="M:Jellyfin.Plugin.Ratings.Api.ClaimsPrincipalExtensions.GetUserId(System.Security.Claims.ClaimsPrincipal)">
            <summary>
            Gets the user ID from claims.
            </summary>
            <param name="principal">Claims principal.</param>
            <returns>User ID.</returns>
        </member>
        <member name="T:Jellyfin.Plugin.Ratings.Configuration.PluginConfiguration">
            <summary>
            Plugin configuration.
            </summary>
        </member>
        <member name="M:Jellyfin.Plugin.Ratings.Configuration.PluginConfiguration.#ctor">
            <summary>
            Initializes a new instance of the <see cref="T:Jellyfin.Plugin.Ratings.Configuration.PluginConfiguration"/> class.
            </summary>
        </member>
        <member name="P:Jellyfin.Plugin.Ratings.Configuration.PluginConfiguration.EnableRatings">
            <summary>
            Gets or sets a value indicating whether ratings are enabled.
            </summary>
        </member>
        <member name="P:Jellyfin.Plugin.Ratings.Configuration.PluginConfiguration.MaxRating">
            <summary>
            Gets or sets the maximum rating value.
            </summary>
        </member>
        <member name="P:Jellyfin.Plugin.Ratings.Configuration.PluginConfiguration.MinRating">
            <summary>
            Gets or sets the minimum rating value.
            </summary>
        </member>
        <member name="P:Jellyfin.Plugin.Ratings.Configuration.PluginConfiguration.AllowGuestRatings">
            <summary>
            Gets or sets a value indicating whether guest users can rate items.
            </summary>
        </member>
        <member name="P:Jellyfin.Plugin.Ratings.Configuration.PluginConfiguration.EnableNetflixView">
            <summary>
            Gets or sets a value indicating whether Netflix-style genre view is enabled.
            </summary>
        </member>
        <member name="T:Jellyfin.Plugin.Ratings.Data.RatingsRepository">
            <summary>
            Repository for managing user ratings data.
            </summary>
        </member>
        <member name="M:Jellyfin.Plugin.Ratings.Data.RatingsRepository.#ctor(MediaBrowser.Common.Configuration.IApplicationPaths,Microsoft.Extensions.Logging.ILogger{Jellyfin.Plugin.Ratings.Data.RatingsRepository})">
            <summary>
            Initializes a new instance of the <see cref="T:Jellyfin.Plugin.Ratings.Data.RatingsRepository"/> class.
            </summary>
            <param name="appPaths">Application paths.</param>
            <param name="logger">Logger instance.</param>
        </member>
        <member name="M:Jellyfin.Plugin.Ratings.Data.RatingsRepository.LoadRatings">
            <summary>
            Loads ratings from disk.
            </summary>
        </member>
        <member name="M:Jellyfin.Plugin.Ratings.Data.RatingsRepository.SaveRatingsAsync">
            <summary>
            Saves ratings to disk.
            </summary>
        </member>
        <member name="M:Jellyfin.Plugin.Ratings.Data.RatingsRepository.SetRatingAsync(System.Guid,System.Guid,System.Int32)">
            <summary>
            Adds or updates a user rating.
            </summary>
            <param name="userId">User ID.</param>
            <param name="itemId">Item ID.</param>
            <param name="rating">Rating value.</param>
            <returns>The created or updated rating.</returns>
        </member>
        <member name="M:Jellyfin.Plugin.Ratings.Data.RatingsRepository.GetUserRating(System.Guid,System.Guid)">
            <summary>
            Gets a user's rating for an item.
            </summary>
            <param name="userId">User ID.</param>
            <param name="itemId">Item ID.</param>
            <returns>The user's rating or null if not found.</returns>
        </member>
        <member name="M:Jellyfin.Plugin.Ratings.Data.RatingsRepository.GetItemRatings(System.Guid)">
            <summary>
            Gets all ratings for an item.
            </summary>
            <param name="itemId">Item ID.</param>
            <returns>List of ratings for the item.</returns>
        </member>
        <member name="M:Jellyfin.Plugin.Ratings.Data.RatingsRepository.GetRatingStats(System.Guid,System.Nullable{System.Guid})">
            <summary>
            Gets rating statistics for an item.
            </summary>
            <param name="itemId">Item ID.</param>
            <param name="userId">Optional user ID to include user's rating.</param>
            <returns>Rating statistics.</returns>
        </member>
        <member name="M:Jellyfin.Plugin.Ratings.Data.RatingsRepository.DeleteRatingAsync(System.Guid,System.Guid)">
            <summary>
            Deletes a user's rating for an item.
            </summary>
            <param name="userId">User ID.</param>
            <param name="itemId">Item ID.</param>
            <returns>True if the rating was deleted, false otherwise.</returns>
        </member>
        <member name="M:Jellyfin.Plugin.Ratings.Data.RatingsRepository.LoadMediaRequests">
            <summary>
            Loads media requests from disk.
            </summary>
        </member>
        <member name="M:Jellyfin.Plugin.Ratings.Data.RatingsRepository.SaveMediaRequestsAsync">
            <summary>
            Saves media requests to disk.
            </summary>
        </member>
        <member name="M:Jellyfin.Plugin.Ratings.Data.RatingsRepository.AddMediaRequestAsync(Jellyfin.Plugin.Ratings.Models.MediaRequest)">
            <summary>
            Adds a new media request.
            </summary>
            <param name="request">The media request to add.</param>
            <returns>The created request.</returns>
        </member>
        <member name="M:Jellyfin.Plugin.Ratings.Data.RatingsRepository.GetAllMediaRequestsAsync">
            <summary>
            Gets all media requests.
            </summary>
            <returns>List of all media requests.</returns>
        </member>
        <member name="M:Jellyfin.Plugin.Ratings.Data.RatingsRepository.GetMediaRequestAsync(System.Guid)">
            <summary>
            Gets a media request by ID.
            </summary>
            <param name="requestId">The request ID.</param>
            <returns>The media request or null if not found.</returns>
        </member>
        <member name="M:Jellyfin.Plugin.Ratings.Data.RatingsRepository.UpdateMediaRequestStatusAsync(System.Guid,System.String,System.String)">
            <summary>
            Updates the status of a media request.
            </summary>
            <param name="requestId">The request ID.</param>
            <param name="status">The new status.</param>
            <param name="mediaLink">Optional media link when marking as done.</param>
            <returns>The updated request or null if not found.</returns>
        </member>
        <member name="M:Jellyfin.Plugin.Ratings.Data.RatingsRepository.DeleteMediaRequestAsync(System.Guid)">
            <summary>
            Deletes a media request.
            </summary>
            <param name="requestId">The request ID.</param>
            <returns>True if deleted, false if not found.</returns>
        </member>
        <member name="T:Jellyfin.Plugin.Ratings.JavaScriptInjectionService">
            <summary>
            Background service that injects the ratings JavaScript into Jellyfin's web client on startup.
            </summary>
        </member>
        <member name="M:Jellyfin.Plugin.Ratings.JavaScriptInjectionService.#ctor(Microsoft.Extensions.Logging.ILogger{Jellyfin.Plugin.Ratings.JavaScriptInjectionService},MediaBrowser.Common.Configuration.IApplicationPaths)">
            <summary>
            Initializes a new instance of the <see cref="T:Jellyfin.Plugin.Ratings.JavaScriptInjectionService"/> class.
            </summary>
            <param name="logger">Instance of the <see cref="T:Microsoft.Extensions.Logging.ILogger`1"/> interface.</param>
            <param name="appPaths">Instance of the <see cref="T:MediaBrowser.Common.Configuration.IApplicationPaths"/> interface.</param>
        </member>
        <member name="M:Jellyfin.Plugin.Ratings.JavaScriptInjectionService.StartAsync(System.Threading.CancellationToken)">
            <summary>
            Triggered when the application host is ready to start the service.
            </summary>
            <param name="cancellationToken">Cancellation token.</param>
            <returns>A <see cref="T:System.Threading.Tasks.Task"/> representing the asynchronous operation.</returns>
        </member>
        <member name="M:Jellyfin.Plugin.Ratings.JavaScriptInjectionService.StopAsync(System.Threading.CancellationToken)">
            <summary>
            Triggered when the application host is performing a graceful shutdown.
            </summary>
            <param name="cancellationToken">Cancellation token.</param>
            <returns>A <see cref="T:System.Threading.Tasks.Task"/> representing the asynchronous operation.</returns>
        </member>
        <member name="T:Jellyfin.Plugin.Ratings.Models.MediaRequest">
            <summary>
            Represents a media request from a user.
            </summary>
        </member>
        <member name="P:Jellyfin.Plugin.Ratings.Models.MediaRequest.Id">
            <summary>
            Gets or sets the unique identifier for this request.
            </summary>
        </member>
        <member name="P:Jellyfin.Plugin.Ratings.Models.MediaRequest.UserId">
            <summary>
            Gets or sets the user ID who made the request.
            </summary>
        </member>
        <member name="P:Jellyfin.Plugin.Ratings.Models.MediaRequest.Username">
            <summary>
            Gets or sets the username who made the request.
            </summary>
        </member>
        <member name="P:Jellyfin.Plugin.Ratings.Models.MediaRequest.Title">
            <summary>
            Gets or sets the title of the requested media.
            </summary>
        </member>
        <member name="P:Jellyfin.Plugin.Ratings.Models.MediaRequest.Type">
            <summary>
            Gets or sets the type of media (e.g., Movie, TV Series, Anime).
            </summary>
        </member>
        <member name="P:Jellyfin.Plugin.Ratings.Models.MediaRequest.Notes">
            <summary>
            Gets or sets additional notes or details about the request.
            </summary>
        </member>
        <member name="P:Jellyfin.Plugin.Ratings.Models.MediaRequest.Status">
            <summary>
            Gets or sets the status of the request (pending, processing, done).
            </summary>
        </member>
        <member name="P:Jellyfin.Plugin.Ratings.Models.MediaRequest.CreatedAt">
            <summary>
            Gets or sets the timestamp when the request was created.
            </summary>
        </member>
        <member name="P:Jellyfin.Plugin.Ratings.Models.MediaRequest.CompletedAt">
            <summary>
            Gets or sets the timestamp when the request was completed (marked as done).
            </summary>
        </member>
        <member name="P:Jellyfin.Plugin.Ratings.Models.MediaRequest.MediaLink">
            <summary>
            Gets or sets the media link (URL to the media in Jellyfin) when request is fulfilled.
            </summary>
        </member>
        <member name="M:Jellyfin.Plugin.Ratings.Models.MediaRequest.#ctor">
            <summary>
            Initializes a new instance of the <see cref="T:Jellyfin.Plugin.Ratings.Models.MediaRequest"/> class.
            </summary>
        </member>
        <member name="T:Jellyfin.Plugin.Ratings.Models.MediaRequestDto">
            <summary>
            Data transfer object for creating media requests.
            </summary>
        </member>
        <member name="P:Jellyfin.Plugin.Ratings.Models.MediaRequestDto.Title">
            <summary>
            Gets or sets the title of the requested media.
            </summary>
        </member>
        <member name="P:Jellyfin.Plugin.Ratings.Models.MediaRequestDto.Type">
            <summary>
            Gets or sets the type of media (e.g., Movie, TV Series, Anime).
            </summary>
        </member>
        <member name="P:Jellyfin.Plugin.Ratings.Models.MediaRequestDto.Notes">
            <summary>
            Gets or sets additional notes or details about the request.
            </summary>
        </member>
        <member name="T:Jellyfin.Plugin.Ratings.Models.RatingStats">
            <summary>
            Represents rating statistics for a media item.
            </summary>
        </member>
        <member name="P:Jellyfin.Plugin.Ratings.Models.RatingStats.ItemId">
            <summary>
            Gets or sets the item ID.
            </summary>
        </member>
        <member name="P:Jellyfin.Plugin.Ratings.Models.RatingStats.AverageRating">
            <summary>
            Gets or sets the average rating.
            </summary>
        </member>
        <member name="P:Jellyfin.Plugin.Ratings.Models.RatingStats.TotalRatings">
            <summary>
            Gets or sets the total number of ratings.
            </summary>
        </member>
        <member name="P:Jellyfin.Plugin.Ratings.Models.RatingStats.UserRating">
            <summary>
            Gets or sets the user's rating (if applicable).
            </summary>
        </member>
        <member name="P:Jellyfin.Plugin.Ratings.Models.RatingStats.Distribution">
            <summary>
            Gets or sets the rating distribution (count for each rating value 1-10).
            </summary>
        </member>
        <member name="M:Jellyfin.Plugin.Ratings.Models.RatingStats.#ctor">
            <summary>
            Initializes a new instance of the <see cref="T:Jellyfin.Plugin.Ratings.Models.RatingStats"/> class.
            </summary>
        </member>
        <member name="T:Jellyfin.Plugin.Ratings.Models.UserRating">
            <summary>
            Represents a user rating for a media item.
            </summary>
        </member>
        <member name="P:Jellyfin.Plugin.Ratings.Models.UserRating.Id">
            <summary>
            Gets or sets the unique identifier for this rating.
            </summary>
        </member>
        <member name="P:Jellyfin.Plugin.Ratings.Models.UserRating.UserId">
            <summary>
            Gets or sets the user ID who made the rating.
            </summary>
        </member>
        <member name="P:Jellyfin.Plugin.Ratings.Models.UserRating.ItemId">
            <summary>
            Gets or sets the item ID being rated.
            </summary>
        </member>
        <member name="P:Jellyfin.Plugin.Ratings.Models.UserRating.Rating">
            <summary>
            Gets or sets the rating value (1-10).
            </summary>
        </member>
        <member name="P:Jellyfin.Plugin.Ratings.Models.UserRating.CreatedAt">
            <summary>
            Gets or sets the timestamp when the rating was created.
            </summary>
        </member>
        <member name="P:Jellyfin.Plugin.Ratings.Models.UserRating.UpdatedAt">
            <summary>
            Gets or sets the timestamp when the rating was last updated.
            </summary>
        </member>
        <member name="M:Jellyfin.Plugin.Ratings.Models.UserRating.#ctor">
            <summary>
            Initializes a new instance of the <see cref="T:Jellyfin.Plugin.Ratings.Models.UserRating"/> class.
            </summary>
        </member>
        <member name="T:Jellyfin.Plugin.Ratings.Models.UserRatingDetail">
            <summary>
            Represents a detailed user rating including username.
            </summary>
        </member>
        <member name="P:Jellyfin.Plugin.Ratings.Models.UserRatingDetail.UserId">
            <summary>
            Gets or sets the user ID.
            </summary>
        </member>
        <member name="P:Jellyfin.Plugin.Ratings.Models.UserRatingDetail.Username">
            <summary>
            Gets or sets the username.
            </summary>
        </member>
        <member name="P:Jellyfin.Plugin.Ratings.Models.UserRatingDetail.Rating">
            <summary>
            Gets or sets the rating value.
            </summary>
        </member>
        <member name="P:Jellyfin.Plugin.Ratings.Models.UserRatingDetail.CreatedAt">
            <summary>
            Gets or sets the timestamp when the rating was created.
            </summary>
        </member>
        <member name="T:Jellyfin.Plugin.Ratings.Plugin">
            <summary>
            The main plugin class for Jellyfin Ratings Plugin.
            </summary>
        </member>
        <member name="M:Jellyfin.Plugin.Ratings.Plugin.#ctor(MediaBrowser.Common.Configuration.IApplicationPaths,MediaBrowser.Model.Serialization.IXmlSerializer)">
            <summary>
            Initializes a new instance of the <see cref="T:Jellyfin.Plugin.Ratings.Plugin"/> class.
            </summary>
            <param name="applicationPaths">Instance of the <see cref="T:MediaBrowser.Common.Configuration.IApplicationPaths"/> interface.</param>
            <param name="xmlSerializer">Instance of the <see cref="T:MediaBrowser.Model.Serialization.IXmlSerializer"/> interface.</param>
        </member>
        <member name="P:Jellyfin.Plugin.Ratings.Plugin.Name">
            <inheritdoc />
        </member>
        <member name="P:Jellyfin.Plugin.Ratings.Plugin.Id">
            <inheritdoc />
        </member>
        <member name="P:Jellyfin.Plugin.Ratings.Plugin.Instance">
            <summary>
            Gets the current plugin instance.
            </summary>
        </member>
        <member name="M:Jellyfin.Plugin.Ratings.Plugin.GetPages">
            <inheritdoc />
        </member>
        <member name="T:Jellyfin.Plugin.Ratings.PluginServiceRegistrator">
            <summary>
            Registers services for the Ratings plugin.
            </summary>
        </member>
        <member name="M:Jellyfin.Plugin.Ratings.PluginServiceRegistrator.RegisterServices(Microsoft.Extensions.DependencyInjection.IServiceCollection,MediaBrowser.Controller.IServerApplicationHost)">
            <inheritdoc />
        </member>
        <member name="T:Jellyfin.Plugin.Ratings.StartupService">
            <summary>
            Startup service that injects the ratings JavaScript into Jellyfin's web client.
            </summary>
        </member>
        <member name="M:Jellyfin.Plugin.Ratings.StartupService.#ctor(Microsoft.Extensions.Logging.ILogger{Jellyfin.Plugin.Ratings.StartupService},MediaBrowser.Common.Configuration.IApplicationPaths)">
            <summary>
            Initializes a new instance of the <see cref="T:Jellyfin.Plugin.Ratings.StartupService"/> class.
            </summary>
            <param name="logger">Instance of the <see cref="T:Microsoft.Extensions.Logging.ILogger`1"/> interface.</param>
            <param name="appPaths">Instance of the <see cref="T:MediaBrowser.Common.Configuration.IApplicationPaths"/> interface.</param>
        </member>
        <member name="P:Jellyfin.Plugin.Ratings.StartupService.Name">
            <inheritdoc />
        </member>
        <member name="P:Jellyfin.Plugin.Ratings.StartupService.Key">
            <inheritdoc />
        </member>
        <member name="P:Jellyfin.Plugin.Ratings.StartupService.Description">
            <inheritdoc />
        </member>
        <member name="P:Jellyfin.Plugin.Ratings.StartupService.Category">
            <inheritdoc />
        </member>
        <member name="M:Jellyfin.Plugin.Ratings.StartupService.ExecuteAsync(System.IProgress{System.Double},System.Threading.CancellationToken)">
            <inheritdoc />
        </member>
        <member name="M:Jellyfin.Plugin.Ratings.StartupService.GetDefaultTriggers">
            <inheritdoc />
        </member>
    </members>
</doc>
